Freq,Normalised Spectra,velocity,Vlsr,V_LSRK,fit_X,fit_Y,Power_corrected,Normalised Power,a,b,c,,Vlsr,,expected
1419.38,0.040090688,216.32,220.125,-3.805,206.605,0.011629791,2.71E-02,2.78E-02,2.00E-07,-1.00E-04,0.0253,,-399.83,0,0
1419.388,0.033541122,214.63,218.435,,204.915,0.010335631,2.05E-02,2.11E-02,,,,,-398.8,0,0
1419.396,0.02703984,212.94,216.745,,203.225,0.020311481,1.40E-02,1.44E-02,,,,,-397.77,0,0
1419.404,0.017027758,211.25,215.055,,201.535,0.009884192,3.98E-03,4.09E-03,,,,,-396.74,0,0
1419.412,0.019272083,209.56,213.365,,199.845,0.016841002,6.20E-03,6.36E-03,,,,,-395.71,0,0
1419.42,0.021206353,207.87,211.675,,198.155,0.021072401,8.11E-03,8.32E-03,,,,,-394.68,0,0
1419.428,0.014951767,206.18,209.985,,196.465,0.017083026,1.83E-03,1.88E-03,,,,,-393.65,0,0
1419.436,0.01282832,204.49,208.295,,194.775,0.00827941,-3.20E-04,-3.28E-04,,,,,-392.62,0,0
1419.444,0.011629791,202.8,206.605,,193.085,0.012055149,-1.55E-03,-1.59E-03,,,,,-391.59,0,0
1419.452,0.010335631,201.11,204.915,,191.395,0.016425935,-2.87E-03,-2.94E-03,,,,,-390.56,0,0
1419.46,0.020311481,199.42,203.225,,189.705,0.010857727,7.07E-03,7.25E-03,,,,,-389.53,0,0
1419.468,0.009884192,197.73,201.535,,188.015,0.012263393,-3.39E-03,-3.47E-03,,,,,-388.49,0,0
1419.476,0.016841002,196.04,199.845,,186.325,0.011842562,3.54E-03,3.63E-03,,,,,-387.46,0,0
1419.484,0.021072401,194.35,198.155,,184.635,0.011563737,7.73E-03,7.93E-03,,,,,-386.43,0,0
1419.492,0.017083026,192.66,196.465,,182.945,0.010478969,3.71E-03,3.80E-03,,,,,-385.4,0,0
1419.5,0.00827941,190.97,194.775,,181.255,0.007195733,-5.13E-03,-5.26E-03,,,,,-384.37,0,0
1419.508,0.012055149,189.28,193.085,,179.565,0.002598808,-1.39E-03,-1.43E-03,,,,,-383.34,0,0
1419.516,0.016425935,187.59,191.395,,177.875,0.013276726,2.94E-03,3.01E-03,,,,,-382.31,0,0
1419.524,0.010857727,185.9,189.705,,176.185,0.016216838,-2.67E-03,-2.74E-03,,,,,-381.28,0,0
1419.532,0.012263393,184.21,188.015,,174.495,0.003617686,-1.31E-03,-1.34E-03,,,,,-380.25,0,0
1419.54,0.011842562,182.52,186.325,,172.805,0.003089962,-1.77E-03,-1.81E-03,,,,,-379.22,0,0
1419.548,0.011563737,180.83,184.635,,171.115,0.001578664,-2.09E-03,-2.14E-03,,,,,-378.19,0,0
1419.556,0.010478969,179.14,182.945,,169.425,0.010277463,-3.22E-03,-3.30E-03,,,,,-377.16,0,0
1419.564,0.007195733,177.45,181.255,,167.735,0.018222791,-6.55E-03,-6.72E-03,,,,,-376.13,0,0
1419.572,0.002598808,175.76,179.565,,166.045,0.013557601,-1.12E-02,-1.15E-02,,,,,-375.1,0,0
1419.58,0.013276726,174.07,177.875,,164.355,0.014980107,-5.64E-04,-5.78E-04,,,,,-374.07,-0.01,-0.0001558360605
1419.588,0.016216838,172.38,176.185,,162.665,0.016200892,2.33E-03,2.39E-03,,,,,-373.04,0,0
1419.596,0.003617686,170.69,174.495,,160.975,0.016139862,-1.03E-02,-1.06E-02,,,,,-372.01,0,0
1419.604,0.003089962,169,172.805,,159.285,0.007814575,-1.09E-02,-1.12E-02,,,,,-370.98,0,0
1419.612,0.001578664,167.31,171.115,,157.595,0.013604015,-1.25E-02,-1.28E-02,,,,,-369.95,0,0
1419.62,0.010277463,165.62,169.425,,155.905,0,-3.82E-03,-3.92E-03,,,,,-368.92,0,0
1419.628,0.018222791,163.93,167.735,,154.215,0.013906105,4.07E-03,4.17E-03,,,,,-367.88,0,0
1419.636,0.013557601,162.24,166.045,,152.525,0.008527592,-6.52E-04,-6.69E-04,,,,,-366.85,0,0
1419.644,0.014980107,160.55,164.355,,150.835,0.009200952,7.13E-04,7.31E-04,,,,,-365.82,0,0
1419.652,0.016200892,158.86,162.665,,149.145,0.010183897,1.88E-03,1.92E-03,,,,,-364.79,0,0
1419.66,0.016139862,157.17,160.975,,147.455,0.012527486,1.75E-03,1.80E-03,,,,,-363.76,0,0
1419.668,0.007814575,155.48,159.285,,145.765,0.012459176,-6.63E-03,-6.80E-03,,,,,-362.73,0,0
1419.676,0.013604015,153.79,157.595,,144.075,0.009026533,-9.04E-04,-9.27E-04,,,,,-361.7,0,0
1419.684,0,152.1,155.905,,142.385,0.011462791,-1.46E-02,-1.49E-02,,,,,-360.67,0,0
1419.692,0.013906105,150.41,154.215,,140.695,0.001242952,-7.29E-04,-7.47E-04,,,,,-359.64,0,0
1419.7,0.008527592,148.72,152.525,,139.005,0.01879725,-6.17E-03,-6.33E-03,,,,,-358.61,0,0
1419.708,0.009200952,147.03,150.835,,137.315,0.019515455,-5.57E-03,-5.71E-03,,,,,-357.58,0,0
1419.716,0.010183897,145.34,149.145,,135.625,0.008251619,-4.65E-03,-4.77E-03,,,,,-356.55,0,0
1419.724,0.012527486,143.65,147.455,,133.935,0.006366143,-2.38E-03,-2.44E-03,,,,,-355.52,0,0
1419.732,0.012459176,141.96,145.765,,132.245,0.004854797,-2.51E-03,-2.58E-03,,,,,-354.49,0,0
1419.74,0.009026533,140.27,144.075,,130.555,0.003834163,-6.02E-03,-6.17E-03,,,,,-353.46,0,0
1419.748,0.011462791,138.58,142.385,,128.865,0.013998428,-3.65E-03,-3.75E-03,,,,,-352.43,0,0
1419.756,0.001242952,136.89,140.695,,127.175,0.004934598,-1.39E-02,-1.43E-02,,,,,-351.4,0,0
1419.764,0.01879725,135.2,139.005,,125.485,0.017705667,3.53E-03,3.62E-03,,,,,-350.37,0,0
1419.772,0.019515455,133.51,137.315,,123.795,0.008571452,4.18E-03,4.28E-03,,,,,-349.34,0,0
1419.78,0.008251619,131.82,135.625,,122.105,0.009575554,-7.16E-03,-7.35E-03,,,,,-348.31,0,0
1419.788,0.006366143,130.13,133.935,,120.415,0.01200386,-9.13E-03,-9.36E-03,,,,,-347.28,0,0
1419.796,0.004854797,128.44,132.245,,118.725,0.018796885,-1.07E-02,-1.10E-02,,,,,-346.24,0,0
1419.804,0.003834163,126.75,130.555,,117.035,0.013522826,-1.18E-02,-1.21E-02,,,,,-345.21,0,0
1419.812,0.013998428,125.06,128.865,,115.345,0.018488037,-1.74E-03,-1.78E-03,,,,,-344.18,0,0
1419.82,0.004934598,123.37,127.175,,113.655,0.011536034,-1.09E-02,-1.12E-02,,,,,-343.15,0,0
1419.828,0.017705667,121.68,125.485,,111.965,0.000618154,1.80E-03,1.85E-03,,,,,-342.12,0,0
1419.836,0.008571452,119.99,123.795,,110.275,0.009747217,-7.41E-03,-7.60E-03,,,,,-341.09,0,0
1419.844,0.009575554,118.3,122.105,,108.585,0.011988134,-6.50E-03,-6.66E-03,,,,,-340.06,0,0
1419.852,0.01200386,116.61,120.415,,106.895,0.016540737,-4.15E-03,-4.26E-03,,,,,-339.03,0,0
1419.86,0.018796885,114.92,118.725,,105.205,0.012864863,2.55E-03,2.62E-03,,,,,-338,0,0
1419.868,0.013522826,113.23,117.035,,103.515,0.022645959,-2.81E-03,-2.89E-03,,,,,-336.97,0,0
1419.876,0.018488037,111.54,115.345,,101.825,0.013962434,2.06E-03,2.11E-03,,,,,-335.94,0.01,0.0001558360605
1419.884,0.011536034,109.85,113.655,,100.135,0.022639002,-4.98E-03,-5.11E-03,,,,,-334.91,0.01,0.0001558360605
1419.892,0.000618154,108.16,111.965,,98.445,0.008830596,-1.60E-02,-1.64E-02,,,,,-333.88,0.01,0.0001558360605
1419.9,0.009747217,106.47,110.275,,96.755,0.020674423,-6.96E-03,-7.14E-03,,,,,-332.85,0,0
1419.908,0.011988134,104.78,108.585,,95.065,0.014948973,-4.81E-03,-4.93E-03,,,,,-331.82,0,0
1419.916,0.016540737,103.09,106.895,,93.375,0.020439943,-3.55E-04,-3.64E-04,,,,,-330.79,0,0
1419.924,0.012864863,101.4,105.205,,91.685,0.005239802,-4.13E-03,-4.23E-03,,,,,-329.76,0,0
1419.932,0.022645959,99.71,103.515,,89.995,0.018434936,5.55E-03,5.70E-03,,,,,-328.73,0,0
1419.94,0.013962434,98.02,101.825,,88.305,0.011263927,-3.23E-03,-3.31E-03,,,,,-327.7,0,0
1419.948,0.022639002,96.33,100.135,,86.615,0.019485744,5.35E-03,5.48E-03,,,,,-326.67,0,0
1419.956,0.008830596,94.64,98.445,,84.925,0.012951753,-8.56E-03,-8.78E-03,,,,,-325.63,0,0
1419.964,0.020674423,92.95,96.755,,83.235,0.01505221,3.18E-03,3.26E-03,,,,,-324.6,0,0
1419.972,0.014948973,91.26,95.065,,81.545,0.029484999,-2.65E-03,-2.72E-03,,,,,-323.57,0,0
1419.98,0.020439943,89.57,93.375,,79.855,0.023751729,2.73E-03,2.80E-03,,,,,-322.54,0,0
1419.988,0.005239802,87.88,91.685,,78.165,0.019687025,-1.26E-02,-1.29E-02,,,,,-321.51,0,0
1419.996,0.018434936,86.19,89.995,,76.475,0.019638658,5.15E-04,5.28E-04,,,,,-320.48,0,0
1420.004,0.011263927,84.5,88.305,,-68.865,0.040845882,-6.77E-03,-6.94E-03,,,,,-319.45,0,0
1420.012,0.019485744,82.81,86.615,,-70.555,0.045477505,1.35E-03,1.38E-03,,,,,-318.42,0,0
1420.02,0.012951753,81.12,84.925,,-72.245,0.043234081,-5.30E-03,-5.43E-03,,,,,-317.39,0,0
1420.028,0.01505221,79.43,83.235,,-73.935,0.036091995,-3.31E-03,-3.39E-03,,,,,-316.36,0,0
1420.036,0.029484999,77.74,81.545,,-75.625,0.0413671,1.10E-02,1.13E-02,,,,,-315.33,0,0
1420.044,0.023751729,76.05,79.855,,-77.315,0.033959416,5.16E-03,5.29E-03,,,,,-314.3,0,0
1420.052,0.019687025,74.36,78.165,,-79.005,0.041259583,9.82E-04,1.01E-03,,,,,-313.27,0,0
1420.06,0.019638658,72.67,76.475,,-80.695,0.037497071,8.16E-04,8.37E-04,,,,,-312.24,0,0
1420.068,0.016890691,70.98,74.785,,-82.385,0.036374638,-2.05E-03,-2.10E-03,,,,,-311.21,0,0
1420.076,0.013130089,69.29,73.095,,-84.075,0.044382068,-5.93E-03,-6.08E-03,,,,,-310.18,0,0
1420.084,0.011561646,67.6,71.405,,-85.765,0.038435089,-7.62E-03,-7.81E-03,,,,,-309.15,0,0
1420.092,0.019933876,65.91,69.715,,-87.455,0.041709457,6.33E-04,6.50E-04,,,,,-308.12,0,0
1420.1,0.017637786,64.22,68.025,,-89.145,0.039610793,-1.79E-03,-1.83E-03,,,,,-307.09,0,0
1420.108,0.023927419,62.53,66.335,,-90.835,0.043456224,4.38E-03,4.49E-03,,,,,-306.06,0,0
1420.116,0.028060932,60.84,64.645,,-92.525,0.040202573,8.39E-03,8.60E-03,,,,,-305.03,0,0
1420.124,0.011475363,59.15,62.955,,-94.215,0.036086273,-8.32E-03,-8.53E-03,,,,,-303.99,0,0
1420.132,0.017805641,57.46,61.265,,-95.905,0.041216512,-2.12E-03,-2.17E-03,,,,,-302.96,0,0
1420.14,0.026737353,55.77,59.575,,-97.595,0.048503671,6.69E-03,6.86E-03,,,,,-301.93,0,0
1420.148,0.026371368,54.08,57.885,,-99.285,0.038901324,6.19E-03,6.35E-03,,,,,-300.9,0,0
1420.156,0.028162202,52.39,56.195,,-100.975,0.030866181,7.85E-03,8.05E-03,,,,,-299.87,0,0
1420.164,0.027715722,50.7,54.505,,-102.665,0.041613806,7.27E-03,7.46E-03,,,,,-298.84,0,0
1420.172,0.030547201,49.01,52.815,,-104.355,0.036784452,9.97E-03,1.02E-02,,,,,-297.81,0,0
1420.18,0.039611782,47.32,51.125,,-106.045,0.051362238,1.89E-02,1.94E-02,,,,,-296.78,0,0
1420.188,0.035172241,45.63,49.435,,-107.735,0.03737089,1.43E-02,1.47E-02,,,,,-295.75,0,0
1420.196,0.042226249,43.94,47.745,,-109.425,0.034945898,2.12E-02,2.18E-02,,,,,-294.72,0,0
1420.204,0.051414753,42.25,46.055,,-111.115,0.039638028,3.03E-02,3.11E-02,,,,,-293.69,0,0
1420.212,0.044946108,40.56,44.365,,-112.805,0.033340802,2.37E-02,2.43E-02,,,,,-292.66,0,0
1420.22,0.050056615,38.87,42.675,,-114.495,0.041537142,2.87E-02,2.94E-02,,,,,-291.63,0,0
1420.228,0.05862149,37.18,40.985,,-116.185,0.045738968,3.71E-02,3.80E-02,,,,,-290.6,0,0
1420.236,0.059028597,35.49,39.295,,-117.875,0.045359952,3.73E-02,3.83E-02,,,,,-289.57,0,0
1420.244,0.076878516,33.8,37.605,,-119.565,0.031049562,5.51E-02,5.65E-02,,,,,-288.54,0,0
1420.252,0.083996003,32.11,35.915,,-121.255,0.040883828,6.20E-02,6.36E-02,,,,,-287.51,0,0
1420.26,0.103631846,30.42,34.225,,-122.945,0.039787341,8.15E-02,8.36E-02,,,,,-286.48,0,0
1420.268,0.106654992,28.73,32.535,,-124.635,0.04240253,8.44E-02,8.66E-02,,,,,-285.45,0,0
1420.276,0.130234538,27.04,30.845,,-126.325,0.043533747,1.08E-01,1.11E-01,,,,,-284.42,0,0
1420.284,0.147028141,25.35,29.155,,-128.015,0.042399012,1.24E-01,1.28E-01,,,,,-283.38,0,0
1420.292,0.172965863,23.66,27.465,,-129.705,0.049483875,1.50E-01,1.54E-01,,,,,-282.35,0,0
1420.3,0.193123208,21.97,25.775,,-131.395,0.044096499,1.70E-01,1.75E-01,,,,,-281.32,0,0
1420.308,0.209627938,20.28,24.085,,-133.085,0.045303508,1.87E-01,1.91E-01,,,,,-280.29,0,0
1420.316,0.260015298,18.59,22.395,,-134.775,0.05009683,2.37E-01,2.43E-01,,,,,-279.26,0,0
1420.324,0.294644048,16.9,20.705,,-136.465,0.045500138,2.71E-01,2.78E-01,,,,,-278.23,0,0
1420.332,0.355024573,15.21,19.015,,-138.155,0.04539123,3.32E-01,3.40E-01,,,,,-277.2,0,0
1420.34,0.412096747,13.52,17.325,,-139.845,0.038955653,3.88E-01,3.98E-01,,,,,-276.17,0,0
1420.348,0.473445345,11.83,15.635,,-141.535,0.041868956,4.50E-01,4.61E-01,,,,,-275.14,0,0
1420.356,0.561901531,10.14,13.945,,-143.225,0.051105135,5.38E-01,5.52E-01,,,,,-274.11,0,0
1420.364,0.629847071,8.45,12.255,,-144.915,0.044638561,6.06E-01,6.21E-01,,,,,-273.08,0,0
1420.372,0.748188345,6.76,10.565,,-146.605,0.03884149,7.24E-01,7.42E-01,,,,,-272.05,0,0
1420.38,0.843047358,5.07,8.875,,-148.295,0.047438358,8.19E-01,8.40E-01,,,,,-271.02,0,0
1420.388,0.931479645,3.38,7.185,,-149.985,0.050045923,9.07E-01,9.30E-01,,,,,-269.99,0,0
1420.396,0.963883521,1.69,5.495,,-151.675,0.050080582,9.39E-01,9.63E-01,,,,,-268.96,0,0
1420.404,1,0,3.805,,-153.365,0.046988995,9.75E-01,1.00E+00,,,,,-267.93,0,0
1420.412,0.949068729,-1.69,2.115,,-155.055,0.054953317,9.24E-01,9.48E-01,,,,,-266.9,0,0
1420.42,0.931871186,-3.38,0.425,,-156.745,0.045830282,9.07E-01,9.30E-01,,,,,-265.87,0,0
1420.428,0.863514021,-5.07,-1.265,,-158.435,0.048401363,8.38E-01,8.60E-01,,,,,-264.84,0,0
1420.436,0.775084017,-6.76,-2.955,,-160.125,0.039490723,7.49E-01,7.69E-01,,,,,-263.81,0,0
1420.444,0.682608788,-8.45,-4.645,,-161.815,0.049576174,6.57E-01,6.74E-01,,,,,-262.77,0,0
1420.452,0.573622832,-10.14,-6.335,,-163.505,0.055866281,5.48E-01,5.62E-01,,,,,-261.74,0,0
1420.46,0.517344906,-11.83,-8.025,,-165.195,0.046853949,4.91E-01,5.04E-01,,,,,-260.71,0,0
1420.468,0.453908534,-13.52,-9.715,,-166.885,0.051383396,4.28E-01,4.39E-01,,,,,-259.68,0,0
1420.476,0.390030057,-15.21,-11.405,,-168.575,0.052050192,3.64E-01,3.73E-01,,,,,-258.65,0,0
1420.484,0.357315522,-16.9,-13.095,,-170.265,0.052503828,3.31E-01,3.39E-01,,,,,-257.62,0,0
1420.492,0.322721929,-18.59,-14.785,,-171.955,0.051416881,2.96E-01,3.03E-01,,,,,-256.59,0,0
1420.5,0.311056289,-20.28,-16.475,,-173.645,0.057939364,2.84E-01,2.91E-01,,,,,-255.56,0,0
1420.508,0.266592271,-21.97,-18.165,,,,2.39E-01,2.46E-01,,,,,-254.53,0,0
1420.516,0.253836739,-23.66,-19.855,,,,2.26E-01,2.32E-01,,,,,-253.5,0,0
1420.524,0.22802499,-25.35,-21.545,,,,2.00E-01,2.06E-01,,,,,-252.47,0,0
1420.532,0.196534877,-27.04,-23.235,,,,1.69E-01,1.73E-01,,,,,-251.44,0,0
1420.54,0.178336812,-28.73,-24.925,,,,1.50E-01,1.54E-01,,,,,-250.41,0,0
1420.548,0.159523326,-30.42,-26.615,,,,1.31E-01,1.35E-01,,,,,-249.38,0,0
1420.556,0.159120097,-32.11,-28.305,,,,1.31E-01,1.34E-01,,,,,-248.35,0,0
1420.564,0.137235715,-33.8,-29.995,,,,1.09E-01,1.12E-01,,,,,-247.32,0,0
1420.572,0.124850265,-35.49,-31.685,,,,9.62E-02,9.86E-02,,,,,-246.29,0,0
1420.58,0.118815009,-37.18,-33.375,,,,9.00E-02,9.23E-02,,,,,-245.26,0,0
1420.588,0.1065664,-38.87,-35.065,,,,7.75E-02,7.95E-02,,,,,-244.23,0,0
1420.596,0.106813383,-40.56,-36.755,,,,7.76E-02,7.96E-02,,,,,-243.2,0,0
1420.604,0.093248224,-42.25,-38.445,,,,6.38E-02,6.54E-02,,,,,-242.17,0,0
1420.612,0.088005597,-43.94,-40.135,,,,5.84E-02,5.99E-02,,,,,-241.13,0,0
1420.62,0.077389792,-45.63,-41.825,,,,4.76E-02,4.88E-02,,,,,-240.1,0,0
1420.628,0.061994384,-47.32,-43.515,,,,3.20E-02,3.28E-02,,,,,-239.07,0,0
1420.636,0.063371515,-49.01,-45.205,,,,3.31E-02,3.40E-02,,,,,-238.04,0,0
1420.644,0.060823874,-50.7,-46.895,,,,3.04E-02,3.12E-02,,,,,-237.01,0,0
1420.652,0.05701865,-52.39,-48.585,,,,2.64E-02,2.71E-02,,,,,-235.98,0,0
1420.66,0.05413425,-54.08,-50.275,,,,2.33E-02,2.39E-02,,,,,-234.95,0,0
1420.668,0.055312878,-55.77,-51.965,,,,2.43E-02,2.49E-02,,,,,-233.92,0,0
1420.676,0.058557692,-57.46,-53.655,,,,2.73E-02,2.80E-02,,,,,-232.89,0,0
1420.684,0.051936052,-59.15,-55.345,,,,2.05E-02,2.10E-02,,,,,-231.86,0,0
1420.692,0.045125433,-60.84,-57.035,,,,1.35E-02,1.38E-02,,,,,-230.83,0,0
1420.7,0.046275567,-62.53,-58.725,,,,1.44E-02,1.48E-02,,,,,-229.8,0,0
1420.708,0.040951515,-64.22,-60.415,,,,8.88E-03,9.11E-03,,,,,-228.77,0,0
1420.716,0.046549675,-65.91,-62.105,,,,1.43E-02,1.46E-02,,,,,-227.74,0,0
1420.724,0.046409053,-67.6,-63.795,,,,1.39E-02,1.43E-02,,,,,-226.71,0,0
1420.732,0.041623436,-69.29,-65.485,,,,8.92E-03,9.15E-03,,,,,-225.68,0,0
1420.74,0.043681359,-70.98,-67.175,,,,1.08E-02,1.10E-02,,,,,-224.65,0.01,0.0001558360605
1420.748,0.040845882,-72.67,-68.865,,,,7.71E-03,7.91E-03,,,,,-223.62,0.01,0.0001558360605
1420.756,0.045477505,-74.36,-70.555,,,,1.21E-02,1.24E-02,,,,,-222.59,0.01,0.0001558360605
1420.764,0.043234081,-76.05,-72.245,,,,9.67E-03,9.91E-03,,,,,-221.56,0.01,0.0001558360605
1420.772,0.036091995,-77.74,-73.935,,,,2.31E-03,2.36E-03,,,,,-220.52,0.01,0.0001558360605
1420.78,0.0413671,-79.43,-75.625,,,,7.36E-03,7.55E-03,,,,,-219.49,0.01,0.0001558360605
1420.788,0.033959416,-81.12,-77.315,,,,-2.68E-04,-2.74E-04,,,,,-218.46,0.01,0.0001558360605
1420.796,0.041259583,-82.81,-79.005,,,,6.81E-03,6.98E-03,,,,,-217.43,0.01,0.0001558360605
1420.804,0.037497071,-84.5,-80.695,,,,2.83E-03,2.90E-03,,,,,-216.4,0.01,0.0001558360605
1420.812,0.036374638,-86.19,-82.385,,,,1.48E-03,1.52E-03,,,,,-215.37,0.01,0.0001558360605
1420.82,0.044382068,-87.88,-84.075,,,,9.26E-03,9.50E-03,,,,,-214.34,0.02,0.0003116721209
1420.828,0.038435089,-89.57,-85.765,,,,3.09E-03,3.17E-03,,,,,-213.31,0.02,0.0003116721209
1420.836,0.041709457,-91.26,-87.455,,,,6.13E-03,6.29E-03,,,,,-212.28,0.02,0.0003116721209
1420.844,0.039610793,-92.95,-89.145,,,,3.81E-03,3.90E-03,,,,,-211.25,0.02,0.0003116721209
1420.852,0.043456224,-94.64,-90.835,,,,7.42E-03,7.61E-03,,,,,-210.22,0.02,0.0003116721209
1420.86,0.040202573,-96.33,-92.525,,,,3.94E-03,4.04E-03,,,,,-209.19,0.02,0.0003116721209
1420.868,0.036086273,-98.02,-94.215,,,,-4.11E-04,-4.21E-04,,,,,-208.16,0.02,0.0003116721209
1420.876,0.041216512,-99.71,-95.905,,,,4.49E-03,4.60E-03,,,,,-207.13,0.03,0.0004675081814
1420.884,0.048503671,-101.4,-97.595,,,,1.15E-02,1.18E-02,,,,,-206.1,0.03,0.0004675081814
1420.892,0.038901324,-103.09,-99.285,,,,1.70E-03,1.74E-03,,,,,-205.07,0.03,0.0004675081814
1420.9,0.030866181,-104.78,-100.975,,,,-6.57E-03,-6.74E-03,,,,,-204.04,0.03,0.0004675081814
1420.908,0.041613806,-106.47,-102.665,,,,3.94E-03,4.04E-03,,,,,-203.01,0.04,0.0006233442419
1420.916,0.036784452,-108.16,-104.355,,,,-1.13E-03,-1.16E-03,,,,,-201.98,0.04,0.0006233442419
1420.924,0.051362238,-109.85,-106.045,,,,1.32E-02,1.35E-02,,,,,-200.95,0.04,0.0006233442419
1420.932,0.03737089,-111.54,-107.735,,,,-1.02E-03,-1.05E-03,,,,,-199.92,0.04,0.0006233442419
1420.94,0.034945898,-113.23,-109.425,,,,-3.69E-03,-3.79E-03,,,,,-198.88,0.04,0.0006233442419
1420.948,0.039638028,-114.92,-111.115,,,,7.57E-04,7.77E-04,,,,,-197.85,0.04,0.0006233442419
1420.956,0.033340802,-116.61,-112.805,,,,-5.78E-03,-5.93E-03,,,,,-196.82,0.05,0.0007791803023
1420.964,0.041537142,-118.3,-114.495,,,,2.17E-03,2.22E-03,,,,,-195.79,0.05,0.0007791803023
1420.972,0.045738968,-119.99,-116.185,,,,6.12E-03,6.28E-03,,,,,-194.76,0.05,0.0007791803023
1420.98,0.045359952,-121.68,-117.875,,,,5.49E-03,5.63E-03,,,,,-193.73,0.05,0.0007791803023
1420.988,0.031049562,-123.37,-119.565,,,,-9.07E-03,-9.30E-03,,,,,-192.7,0.05,0.0007791803023
1420.996,0.040883828,-125.06,-121.255,,,,5.18E-04,5.31E-04,,,,,-191.67,0.05,0.0007791803023
1421.004,0.039787341,-126.75,-122.945,,,,-8.30E-04,-8.51E-04,,,,,-190.64,0.05,0.0007791803023
1421.012,0.04240253,-128.44,-124.635,,,,1.53E-03,1.57E-03,,,,,-189.61,0.05,0.0007791803023
1421.02,0.043533747,-130.13,-126.325,,,,2.41E-03,2.47E-03,,,,,-188.58,0.05,0.0007791803023
1421.028,0.042399012,-131.82,-128.015,,,,1.02E-03,1.05E-03,,,,,-187.55,0.05,0.0007791803023
1421.036,0.049483875,-133.51,-129.705,,,,7.85E-03,8.05E-03,,,,,-186.52,0.05,0.0007791803023
1421.044,0.044096499,-135.2,-131.395,,,,2.20E-03,2.26E-03,,,,,-185.49,0.05,0.0007791803023
1421.052,0.045303508,-136.89,-133.085,,,,3.15E-03,3.23E-03,,,,,-184.46,0.05,0.0007791803023
1421.06,0.05009683,-138.58,-134.775,,,,7.69E-03,7.88E-03,,,,,-183.43,0.05,0.0007791803023
1421.068,0.045500138,-140.27,-136.465,,,,2.83E-03,2.90E-03,,,,,-182.4,0.05,0.0007791803023
1421.076,0.04539123,-141.96,-138.155,,,,2.46E-03,2.52E-03,,,,,-181.37,0.05,0.0007791803023
1421.084,0.038955653,-143.65,-139.845,,,,-4.24E-03,-4.35E-03,,,,,-180.34,0.05,0.0007791803023
1421.092,0.041868956,-145.34,-141.535,,,,-1.59E-03,-1.63E-03,,,,,-179.31,0.05,0.0007791803023
1421.1,0.051105135,-147.03,-143.225,,,,7.38E-03,7.57E-03,,,,,-178.27,0.05,0.0007791803023
1421.108,0.044638561,-148.72,-144.915,,,,6.47E-04,6.64E-04,,,,,-177.24,0.05,0.0007791803023
1421.116,0.03884149,-150.41,-146.605,,,,-5.42E-03,-5.56E-03,,,,,-176.21,0.05,0.0007791803023
1421.124,0.047438358,-152.1,-148.295,,,,2.91E-03,2.98E-03,,,,,-175.18,0.05,0.0007791803023
1421.132,0.050045923,-153.79,-149.985,,,,5.25E-03,5.38E-03,,,,,-174.15,0.04,0.0006233442419
1421.14,0.050080582,-155.48,-151.675,,,,5.01E-03,5.14E-03,,,,,-173.12,0.04,0.0006233442419
1421.148,0.046988995,-157.17,-153.365,,,,1.65E-03,1.69E-03,,,,,-172.09,0.04,0.0006233442419
1421.156,0.054953317,-158.86,-155.055,,,,9.34E-03,9.58E-03,,,,,-171.06,0.04,0.0006233442419
1421.164,0.045830282,-160.55,-156.745,,,,-5.80E-05,-5.95E-05,,,,,-170.03,0.04,0.0006233442419
1421.172,0.048401363,-162.24,-158.435,,,,2.24E-03,2.29E-03,,,,,-169,0.04,0.0006233442419
1421.18,0.039490723,-163.93,-160.125,,,,-6.95E-03,-7.13E-03,,,,,-167.97,0.03,0.0004675081814
1421.188,0.049576174,-165.62,-161.815,,,,2.86E-03,2.93E-03,,,,,-166.94,0.03,0.0004675081814
1421.196,0.055866281,-167.31,-163.505,,,,8.87E-03,9.10E-03,,,,,-165.91,0.03,0.0004675081814
1421.204,0.046853949,-169,-165.195,,,,-4.23E-04,-4.34E-04,,,,,-164.88,0.03,0.0004675081814
1421.212,0.051383396,-170.69,-166.885,,,,3.82E-03,3.92E-03,,,,,-163.85,0.03,0.0004675081814
1421.22,0.052050192,-172.38,-168.575,,,,4.21E-03,4.32E-03,,,,,-162.82,0.03,0.0004675081814
1421.228,0.052503828,-174.07,-170.265,,,,4.38E-03,4.49E-03,,,,,-161.79,0.03,0.0004675081814
1421.236,0.051416881,-175.76,-171.955,,,,3.01E-03,3.08E-03,,,,,-160.76,0.03,0.0004675081814
1421.244,0.057939364,-177.45,-173.645,,,,9.24E-03,9.48E-03,,,,,-159.73,0.02,0.0003116721209
1421.252,0.051825978,-179.14,-175.335,,,,2.84E-03,2.92E-03,,,,,-158.7,0.02,0.0003116721209
1421.26,0.056024766,-180.83,-177.025,,,,6.75E-03,6.93E-03,,,,,-157.66,0.02,0.0003116721209
1421.268,0.055393314,-182.52,-178.715,,,,5.83E-03,5.98E-03,,,,,-156.63,0.02,0.0003116721209
1421.276,0.050610108,-184.21,-180.405,,,,7.60E-04,7.80E-04,,,,,-155.6,0.02,0.0003116721209
1421.284,0.055868319,-185.9,-182.095,,,,5.73E-03,5.87E-03,,,,,-154.57,0.02,0.0003116721209
1421.292,0.056613276,-187.59,-183.785,,,,6.18E-03,6.34E-03,,,,,-153.54,0.02,0.0003116721209
1421.3,0.051234656,-189.28,-185.475,,,,5.07E-04,5.20E-04,,,,,-152.51,0.02,0.0003116721209
1421.308,0.059078017,-190.97,-187.165,,,,8.06E-03,8.26E-03,,,,,-151.48,0.02,0.0003116721209
1421.316,0.064082518,-192.66,-188.855,,,,1.28E-02,1.31E-02,,,,,-150.45,0.02,0.0003116721209
1421.324,0.060551178,-194.35,-190.545,,,,8.94E-03,9.16E-03,,,,,-149.42,0.02,0.0003116721209
1421.332,0.052216342,-196.04,-192.235,,,,3.02E-04,3.10E-04,,,,,-148.39,0.02,0.0003116721209
1421.34,0.052003929,-197.73,-193.925,,,,-2.10E-04,-2.15E-04,,,,,-147.36,0.02,0.0003116721209
1421.348,0.055336313,-199.42,-195.615,,,,2.82E-03,2.89E-03,,,,,-146.33,0.02,0.0003116721209
1421.356,0.052579894,-201.11,-197.305,,,,-2.36E-04,-2.43E-04,,,,,-145.3,0.02,0.0003116721209
1421.364,0.050219094,-202.8,-198.995,,,,-2.90E-03,-2.97E-03,,,,,-144.27,0.02,0.0003116721209
1421.372,0.057624993,-204.49,-200.685,,,,4.20E-03,4.31E-03,,,,,-143.24,0.02,0.0003116721209
1421.38,0.055091808,-206.18,-202.375,,,,1.36E-03,1.40E-03,,,,,-142.21,0.02,0.0003116721209
1421.388,0.057374379,-207.87,-204.065,,,,3.34E-03,3.42E-03,,,,,-141.18,0.02,0.0003116721209
1421.396,0.042325851,-209.56,-205.755,,,,-1.20E-02,-1.23E-02,,,,,-140.15,0.02,0.0003116721209
1421.404,0.045270197,-211.25,-207.445,,,,-9.38E-03,-9.62E-03,,,,,-139.12,0.02,0.0003116721209
1421.412,0.048923834,-212.94,-209.135,,,,-6.04E-03,-6.19E-03,,,,,-138.09,0.02,0.0003116721209
1421.42,0.045740086,-214.63,-210.825,,,,-9.53E-03,-9.78E-03,,,,,-137.06,0.02,0.0003116721209
,,,,,,,,,,,,,-136.02,0.03,0.0004675081814
,,,,,,,,,,,,,-134.99,0.03,0.0004675081814
,,,,,,,,,,,,,-133.96,0.03,0.0004675081814
,,,,,,,,,,,,,-132.93,0.03,0.0004675081814
,,,,,,,,,,,,,-131.9,0.03,0.0004675081814
,,,,,,,,,,,,,-130.87,0.03,0.0004675081814
,,,,,,,,,,,,,-129.84,0.03,0.0004675081814
,,,,,,,,,,,,,-128.81,0.03,0.0004675081814
,,,,,,,,,,,,,-127.78,0.03,0.0004675081814
,,,,,,,,,,,,,-126.75,0.03,0.0004675081814
,,,,,,,,,,,,,-125.72,0.03,0.0004675081814
,,,,,,,,,,,,,-124.69,0.04,0.0006233442419
,,,,,,,,,,,,,-123.66,0.04,0.0006233442419
,,,,,,,,,,,,,-122.63,0.04,0.0006233442419
,,,,,,,,,,,,,-121.6,0.04,0.0006233442419
,,,,,,,,,,,,,-120.57,0.04,0.0006233442419
,,,,,,,,,,,,,-119.54,0.04,0.0006233442419
,,,,,,,,,,,,,-118.51,0.04,0.0006233442419
,,,,,,,,,,,,,-117.48,0.05,0.0007791803023
,,,,,,,,,,,,,-116.45,0.05,0.0007791803023
,,,,,,,,,,,,,-115.41,0.05,0.0007791803023
,,,,,,,,,,,,,-114.38,0.05,0.0007791803023
,,,,,,,,,,,,,-113.35,0.05,0.0007791803023
,,,,,,,,,,,,,-112.32,0.05,0.0007791803023
,,,,,,,,,,,,,-111.29,0.05,0.0007791803023
,,,,,,,,,,,,,-110.26,0.05,0.0007791803023
,,,,,,,,,,,,,-109.23,0.06,0.0009350163628
,,,,,,,,,,,,,-108.2,0.06,0.0009350163628
,,,,,,,,,,,,,-107.17,0.06,0.0009350163628
,,,,,,,,,,,,,-106.14,0.06,0.0009350163628
,,,,,,,,,,,,,-105.11,0.06,0.0009350163628
,,,,,,,,,,,,,-104.08,0.06,0.0009350163628
,,,,,,,,,,,,,-103.05,0.06,0.0009350163628
,,,,,,,,,,,,,-102.02,0.06,0.0009350163628
,,,,,,,,,,,,,-100.99,0.06,0.0009350163628
,,,,,,,,,,,,,-99.96,0.06,0.0009350163628
,,,,,,,,,,,,,-98.93,0.06,0.0009350163628
,,,,,,,,,,,,,-97.9,0.06,0.0009350163628
,,,,,,,,,,,,,-96.87,0.07,0.001090852423
,,,,,,,,,,,,,-95.84,0.07,0.001090852423
,,,,,,,,,,,,,-94.81,0.07,0.001090852423
,,,,,,,,,,,,,-93.77,0.07,0.001090852423
,,,,,,,,,,,,,-92.74,0.08,0.001246688484
,,,,,,,,,,,,,-91.71,0.08,0.001246688484
,,,,,,,,,,,,,-90.68,0.08,0.001246688484
,,,,,,,,,,,,,-89.65,0.08,0.001246688484
,,,,,,,,,,,,,-88.62,0.09,0.001402524544
,,,,,,,,,,,,,-87.59,0.09,0.001402524544
,,,,,,,,,,,,,-86.56,0.09,0.001402524544
,,,,,,,,,,,,,-85.53,0.1,0.001558360605
,,,,,,,,,,,,,-84.5,0.1,0.001558360605
,,,,,,,,,,,,,-83.47,0.11,0.001714196665
,,,,,,,,,,,,,-82.44,0.11,0.001714196665
,,,,,,,,,,,,,-81.41,0.12,0.001870032726
,,,,,,,,,,,,,-80.38,0.12,0.001870032726
,,,,,,,,,,,,,-79.35,0.13,0.002025868786
,,,,,,,,,,,,,-78.32,0.13,0.002025868786
,,,,,,,,,,,,,-77.29,0.14,0.002181704847
,,,,,,,,,,,,,-76.26,0.15,0.002337540907
,,,,,,,,,,,,,-75.23,0.15,0.002337540907
,,,,,,,,,,,,,-74.2,0.16,0.002493376967
,,,,,,,,,,,,,-73.16,0.17,0.002649213028
,,,,,,,,,,,,,-72.13,0.17,0.002649213028
,,,,,,,,,,,,,-71.1,0.18,0.002805049088
,,,,,,,,,,,,,-70.07,0.19,0.002960885149
,,,,,,,,,,,,,-69.04,0.2,0.003116721209
,,,,,,,,,,,,,-68.01,0.21,0.00327255727
,,,,,,,,,,,,,-66.98,0.22,0.00342839333
,,,,,,,,,,,,,-65.95,0.23,0.003584229391
,,,,,,,,,,,,,-64.92,0.25,0.003895901512
,,,,,,,,,,,,,-63.89,0.26,0.004051737572
,,,,,,,,,,,,,-62.86,0.28,0.004363409693
,,,,,,,,,,,,,-61.83,0.3,0.004675081814
,,,,,,,,,,,,,-60.8,0.32,0.004986753935
,,,,,,,,,,,,,-59.77,0.34,0.005298426056
,,,,,,,,,,,,,-58.74,0.37,0.005765934237
,,,,,,,,,,,,,-57.71,0.4,0.006233442419
,,,,,,,,,,,,,-56.68,0.43,0.0067009506
,,,,,,,,,,,,,-55.65,0.46,0.007168458781
,,,,,,,,,,,,,-54.62,0.5,0.007791803023
,,,,,,,,,,,,,-53.59,0.55,0.008570983326
,,,,,,,,,,,,,-52.55,0.6,0.009350163628
,,,,,,,,,,,,,-51.52,0.66,0.01028517999
,,,,,,,,,,,,,-50.49,0.72,0.01122019635
,,,,,,,,,,,,,-49.46,0.79,0.01231104878
,,,,,,,,,,,,,-48.43,0.86,0.0134019012
,,,,,,,,,,,,,-47.4,0.94,0.01464858968
,,,,,,,,,,,,,-46.37,1.02,0.01589527817
,,,,,,,,,,,,,-45.34,1.11,0.01729780271
,,,,,,,,,,,,,-44.31,1.2,0.01870032726
,,,,,,,,,,,,,-43.28,1.3,0.02025868786
,,,,,,,,,,,,,-42.25,1.41,0.02197288453
,,,,,,,,,,,,,-41.22,1.52,0.02368708119
,,,,,,,,,,,,,-40.19,1.66,0.02586878604
,,,,,,,,,,,,,-39.16,1.8,0.02805049088
,,,,,,,,,,,,,-38.13,1.96,0.03054386785
,,,,,,,,,,,,,-37.1,2.15,0.033504753
,,,,,,,,,,,,,-36.07,2.36,0.03677731027
,,,,,,,,,,,,,-35.04,2.6,0.04051737572
,,,,,,,,,,,,,-34.01,2.85,0.04441327723
,,,,,,,,,,,,,-32.98,3.11,0.0484650148
,,,,,,,,,,,,,-31.95,3.37,0.05251675238
,,,,,,,,,,,,,-30.91,3.64,0.05672432601
,,,,,,,,,,,,,-29.88,3.93,0.06124357176
,,,,,,,,,,,,,-28.85,4.23,0.06591865358
,,,,,,,,,,,,,-27.82,4.55,0.07090540751
,,,,,,,,,,,,,-26.79,4.9,0.07635966963
,,,,,,,,,,,,,-25.76,5.27,0.08212560386
,,,,,,,,,,,,,-24.73,5.68,0.08851488234
,,,,,,,,,,,,,-23.7,6.13,0.09552750506
,,,,,,,,,,,,,-22.67,6.65,0.1036309802
,,,,,,,,,,,,,-21.64,7.23,0.1126694717
,,,,,,,,,,,,,-20.61,7.87,0.1226429796
,,,,,,,,,,,,,-19.58,8.57,0.1335515038
,,,,,,,,,,,,,-18.55,9.31,0.1450833723
,,,,,,,,,,,,,-17.52,10.08,0.1570827489
,,,,,,,,,,,,,-16.49,10.91,0.170017142
,,,,,,,,,,,,,-15.46,11.81,0.1840423874
,,,,,,,,,,,,,-14.43,12.81,0.1996259935
,,,,,,,,,,,,,-13.4,13.92,0.2169237962
,,,,,,,,,,,,,-12.37,15.15,0.2360916316
,,,,,,,,,,,,,-11.34,16.52,0.2574411719
,,,,,,,,,,,,,-10.3,18.06,0.2814399252
,,,,,,,,,,,,,-9.27,19.79,0.3083995637
,,,,,,,,,,,,,-8.24,21.79,0.3395667758
,,,,,,,,,,,,,-7.21,24.08,0.3752532336
,,,,,,,,,,,,,-6.18,26.71,0.4162381175
,,,,,,,,,,,,,-5.15,29.73,0.4633006078
,,,,,,,,,,,,,-4.12,33.17,0.5169082126
,,,,,,,,,,,,,-3.09,36.98,0.5762817516
,,,,,,,,,,,,,-2.06,41.06,0.6398628643
,,,,,,,,,,,,,-1.03,45.32,0.706249026
,,,,,,,,,,,,,0,49.59,0.7727910238
,,,,,,,,,,,,,1.03,53.6,0.8352812841
,,,,,,,,,,,,,2.06,57.02,0.8885772168
,,,,,,,,,,,,,3.09,59.71,0.930497117
,,,,,,,,,,,,,4.12,61.75,0.9622876734
,,,,,,,,,,,,,5.15,63.24,0.9855072464
,,,,,,,,,,,,,6.18,64.13,0.9993766558
,,,,,,,,,,,,,7.21,64.17,1
,,,,,,,,,,,,,8.24,62.62,0.9758454106
,,,,,,,,,,,,,9.27,58.82,0.9166277077
,,,,,,,,,,,,,10.3,53.04,0.8265544647
,,,,,,,,,,,,,11.34,46.1,0.7184042387
,,,,,,,,,,,,,12.37,38.87,0.605734767
,,,,,,,,,,,,,13.4,32.24,0.5024154589
,,,,,,,,,,,,,14.43,26.86,0.4185756584
,,,,,,,,,,,,,15.46,22.77,0.3548387097
,,,,,,,,,,,,,16.49,19.63,0.3059061867
,,,,,,,,,,,,,17.52,17.13,0.2669471716
,,,,,,,,,,,,,18.55,15.05,0.234533271
,,,,,,,,,,,,,19.58,13.28,0.2069502883
,,,,,,,,,,,,,20.61,11.76,0.1832632071
,,,,,,,,,,,,,21.64,10.45,0.1628486832
,,,,,,,,,,,,,22.67,9.28,0.1446158641
,,,,,,,,,,,,,23.7,8.22,0.1280972417
,,,,,,,,,,,,,24.73,7.27,0.113292816
,,,,,,,,,,,,,25.76,6.42,0.1000467508
,,,,,,,,,,,,,26.79,5.65,0.08804737416
,,,,,,,,,,,,,27.82,4.98,0.07760635811
,,,,,,,,,,,,,28.85,4.39,0.06841203054
,,,,,,,,,,,,,29.88,3.87,0.0603085554
,,,,,,,,,,,,,30.91,3.42,0.05329593268
,,,,,,,,,,,,,31.95,3.04,0.04737416238
,,,,,,,,,,,,,32.98,2.7,0.04207573633
,,,,,,,,,,,,,34.01,2.39,0.03724481845
,,,,,,,,,,,,,35.04,2.12,0.03303724482
,,,,,,,,,,,,,36.07,1.87,0.02914134331
,,,,,,,,,,,,,37.1,1.65,0.02571294998
,,,,,,,,,,,,,38.13,1.46,0.02275206483
,,,,,,,,,,,,,39.16,1.29,0.0201028518
,,,,,,,,,,,,,40.19,1.14,0.01776531089
,,,,,,,,,,,,,41.22,1,0.01558360605
,,,,,,,,,,,,,42.25,0.88,0.01371357332
,,,,,,,,,,,,,43.28,0.77,0.01199937666
,,,,,,,,,,,,,44.31,0.68,0.01059685211
,,,,,,,,,,,,,45.34,0.6,0.009350163628
,,,,,,,,,,,,,46.37,0.53,0.008259311205
,,,,,,,,,,,,,47.4,0.47,0.007324294842
,,,,,,,,,,,,,48.43,0.41,0.006389278479
,,,,,,,,,,,,,49.46,0.36,0.005610098177
,,,,,,,,,,,,,50.49,0.3,0.004675081814
,,,,,,,,,,,,,51.52,0.26,0.004051737572
,,,,,,,,,,,,,52.55,0.23,0.003584229391
,,,,,,,,,,,,,53.59,0.2,0.003116721209
,,,,,,,,,,,,,54.62,0.17,0.002649213028
,,,,,,,,,,,,,55.65,0.15,0.002337540907
,,,,,,,,,,,,,56.68,0.12,0.001870032726
,,,,,,,,,,,,,57.71,0.11,0.001714196665
,,,,,,,,,,,,,58.74,0.09,0.001402524544
,,,,,,,,,,,,,59.77,0.08,0.001246688484
,,,,,,,,,,,,,60.8,0.07,0.001090852423
,,,,,,,,,,,,,61.83,0.06,0.0009350163628
,,,,,,,,,,,,,62.86,0.05,0.0007791803023
,,,,,,,,,,,,,63.89,0.05,0.0007791803023
,,,,,,,,,,,,,64.92,0.04,0.0006233442419
,,,,,,,,,,,,,65.95,0.04,0.0006233442419
,,,,,,,,,,,,,66.98,0.03,0.0004675081814
,,,,,,,,,,,,,68.01,0.03,0.0004675081814
,,,,,,,,,,,,,69.04,0.03,0.0004675081814
,,,,,,,,,,,,,70.07,0.03,0.0004675081814
,,,,,,,,,,,,,71.1,0.03,0.0004675081814
,,,,,,,,,,,,,72.13,0.03,0.0004675081814
,,,,,,,,,,,,,73.16,0.02,0.0003116721209
,,,,,,,,,,,,,74.2,0.02,0.0003116721209
,,,,,,,,,,,,,75.23,0.02,0.0003116721209
,,,,,,,,,,,,,76.26,0.02,0.0003116721209
,,,,,,,,,,,,,77.29,0.02,0.0003116721209
,,,,,,,,,,,,,78.32,0.02,0.0003116721209
,,,,,,,,,,,,,79.35,0.01,0.0001558360605
,,,,,,,,,,,,,80.38,0.01,0.0001558360605
,,,,,,,,,,,,,81.41,0.01,0.0001558360605
,,,,,,,,,,,,,82.44,0.01,0.0001558360605
,,,,,,,,,,,,,83.47,0.01,0.0001558360605
,,,,,,,,,,,,,84.5,0.01,0.0001558360605
,,,,,,,,,,,,,85.53,0.01,0.0001558360605
,,,,,,,,,,,,,86.56,0.01,0.0001558360605
,,,,,,,,,,,,,87.59,0.01,0.0001558360605
,,,,,,,,,,,,,88.62,0.01,0.0001558360605
,,,,,,,,,,,,,89.65,0.01,0.0001558360605
,,,,,,,,,,,,,90.68,0.01,0.0001558360605
,,,,,,,,,,,,,91.71,0.01,0.0001558360605
,,,,,,,,,,,,,92.74,0.01,0.0001558360605
,,,,,,,,,,,,,93.77,0.01,0.0001558360605
,,,,,,,,,,,,,94.81,0.01,0.0001558360605
,,,,,,,,,,,,,95.84,0.01,0.0001558360605
,,,,,,,,,,,,,96.87,0.01,0.0001558360605
,,,,,,,,,,,,,97.9,0.01,0.0001558360605
,,,,,,,,,,,,,98.93,0.01,0.0001558360605
,,,,,,,,,,,,,99.96,0.01,0.0001558360605
,,,,,,,,,,,,,100.99,0.01,0.0001558360605
,,,,,,,,,,,,,102.02,0.01,0.0001558360605
,,,,,,,,,,,,,103.05,0.01,0.0001558360605
,,,,,,,,,,,,,104.08,0.01,0.0001558360605
,,,,,,,,,,,,,105.11,0.01,0.0001558360605
,,,,,,,,,,,,,106.14,0.01,0.0001558360605
,,,,,,,,,,,,,107.17,0.01,0.0001558360605
,,,,,,,,,,,,,108.2,0.01,0.0001558360605
,,,,,,,,,,,,,109.23,0.01,0.0001558360605
,,,,,,,,,,,,,110.26,0.01,0.0001558360605
,,,,,,,,,,,,,111.29,0.01,0.0001558360605
,,,,,,,,,,,,,112.32,0.01,0.0001558360605
,,,,,,,,,,,,,113.35,0.01,0.0001558360605
,,,,,,,,,,,,,114.38,0.01,0.0001558360605
,,,,,,,,,,,,,115.41,0.01,0.0001558360605
,,,,,,,,,,,,,116.45,0.01,0.0001558360605
,,,,,,,,,,,,,117.48,0.01,0.0001558360605
,,,,,,,,,,,,,118.51,0.01,0.0001558360605
,,,,,,,,,,,,,119.54,0.01,0.0001558360605
,,,,,,,,,,,,,120.57,0.01,0.0001558360605
,,,,,,,,,,,,,121.6,0.01,0.0001558360605
,,,,,,,,,,,,,122.63,0.01,0.0001558360605
,,,,,,,,,,,,,123.66,0.01,0.0001558360605
,,,,,,,,,,,,,124.69,0.01,0.0001558360605
,,,,,,,,,,,,,125.72,0.01,0.0001558360605
,,,,,,,,,,,,,126.75,0.01,0.0001558360605
,,,,,,,,,,,,,127.78,0,0
,,,,,,,,,,,,,128.81,0,0
,,,,,,,,,,,,,129.84,0,0
,,,,,,,,,,,,,130.87,0.01,0.0001558360605
,,,,,,,,,,,,,131.9,0.01,0.0001558360605
,,,,,,,,,,,,,132.93,0.01,0.0001558360605
,,,,,,,,,,,,,133.96,0.01,0.0001558360605
,,,,,,,,,,,,,134.99,0.01,0.0001558360605
,,,,,,,,,,,,,136.02,0.01,0.0001558360605
,,,,,,,,,,,,,137.06,0.01,0.0001558360605
,,,,,,,,,,,,,138.09,0.01,0.0001558360605
,,,,,,,,,,,,,139.12,0.01,0.0001558360605
,,,,,,,,,,,,,140.15,0,0
,,,,,,,,,,,,,141.18,0,0
,,,,,,,,,,,,,142.21,0,0
,,,,,,,,,,,,,143.24,0,0
,,,,,,,,,,,,,144.27,0,0
,,,,,,,,,,,,,145.3,0,0
,,,,,,,,,,,,,146.33,0,0
,,,,,,,,,,,,,147.36,0,0
,,,,,,,,,,,,,148.39,0,0
,,,,,,,,,,,,,149.42,0.01,0.0001558360605
,,,,,,,,,,,,,150.45,0.01,0.0001558360605
,,,,,,,,,,,,,151.48,0.01,0.0001558360605
,,,,,,,,,,,,,152.51,0.01,0.0001558360605
,,,,,,,,,,,,,153.54,0.01,0.0001558360605
,,,,,,,,,,,,,154.57,0.01,0.0001558360605
,,,,,,,,,,,,,155.6,0,0
,,,,,,,,,,,,,156.63,0,0
,,,,,,,,,,,,,157.66,0.01,0.0001558360605
,,,,,,,,,,,,,158.7,0.01,0.0001558360605
,,,,,,,,,,,,,159.73,0.01,0.0001558360605
,,,,,,,,,,,,,160.76,0,0
,,,,,,,,,,,,,161.79,0,0
,,,,,,,,,,,,,162.82,0.01,0.0001558360605
,,,,,,,,,,,,,163.85,0,0
,,,,,,,,,,,,,164.88,0,0
,,,,,,,,,,,,,165.91,0.01,0.0001558360605
,,,,,,,,,,,,,166.94,0.01,0.0001558360605
,,,,,,,,,,,,,167.97,0.01,0.0001558360605
,,,,,,,,,,,,,169,0.01,0.0001558360605
,,,,,,,,,,,,,170.03,0.01,0.0001558360605
,,,,,,,,,,,,,171.06,0.01,0.0001558360605
,,,,,,,,,,,,,172.09,0.01,0.0001558360605
,,,,,,,,,,,,,173.12,0.01,0.0001558360605
,,,,,,,,,,,,,174.15,0.01,0.0001558360605
,,,,,,,,,,,,,175.18,0,0
,,,,,,,,,,,,,176.21,0,0
,,,,,,,,,,,,,177.24,0,0
,,,,,,,,,,,,,178.27,0,0
,,,,,,,,,,,,,179.31,0,0
,,,,,,,,,,,,,180.34,0,0
,,,,,,,,,,,,,181.37,0,0
,,,,,,,,,,,,,182.4,0,0
,,,,,,,,,,,,,183.43,0,0
,,,,,,,,,,,,,184.46,0,0
,,,,,,,,,,,,,185.49,0,0
,,,,,,,,,,,,,186.52,0,0
,,,,,,,,,,,,,187.55,0,0
,,,,,,,,,,,,,188.58,0,0
,,,,,,,,,,,,,189.61,0,0
,,,,,,,,,,,,,190.64,0,0
,,,,,,,,,,,,,191.67,0.01,0.0001558360605
,,,,,,,,,,,,,192.7,0,0
,,,,,,,,,,,,,193.73,0,0
,,,,,,,,,,,,,194.76,0,0
,,,,,,,,,,,,,195.79,0.01,0.0001558360605
,,,,,,,,,,,,,196.82,0,0
,,,,,,,,,,,,,197.85,0,0
,,,,,,,,,,,,,198.88,0,0
,,,,,,,,,,,,,199.92,0,0
,,,,,,,,,,,,,200.95,0,0
,,,,,,,,,,,,,201.98,0,0
,,,,,,,,,,,,,203.01,0,0
,,,,,,,,,,,,,204.04,0,0
,,,,,,,,,,,,,205.07,0,0
,,,,,,,,,,,,,206.1,0,0
,,,,,,,,,,,,,207.13,0,0
,,,,,,,,,,,,,208.16,0,0
,,,,,,,,,,,,,209.19,0,0
,,,,,,,,,,,,,210.22,0,0
,,,,,,,,,,,,,211.25,0,0
,,,,,,,,,,,,,212.28,0,0
,,,,,,,,,,,,,213.31,0,0
,,,,,,,,,,,,,214.34,0,0
,,,,,,,,,,,,,215.37,0,0
,,,,,,,,,,,,,216.4,0,0
,,,,,,,,,,,,,217.43,0,0
,,,,,,,,,,,,,218.46,0,0
,,,,,,,,,,,,,219.49,0,0
,,,,,,,,,,,,,220.52,0,0
,,,,,,,,,,,,,221.56,0,0
,,,,,,,,,,,,,222.59,0,0
,,,,,,,,,,,,,223.62,0.01,0.0001558360605
,,,,,,,,,,,,,224.65,0.01,0.0001558360605
,,,,,,,,,,,,,225.68,0,0
,,,,,,,,,,,,,226.71,0,0
,,,,,,,,,,,,,227.74,0,0
,,,,,,,,,,,,,228.77,0,0
,,,,,,,,,,,,,229.8,0,0
,,,,,,,,,,,,,230.83,0,0
,,,,,,,,,,,,,231.86,0,0
,,,,,,,,,,,,,232.89,0,0
,,,,,,,,,,,,,233.92,0,0
,,,,,,,,,,,,,234.95,0,0
,,,,,,,,,,,,,235.98,0.01,0.0001558360605
,,,,,,,,,,,,,237.01,0.01,0.0001558360605
,,,,,,,,,,,,,238.04,0,0
,,,,,,,,,,,,,239.07,0,0
,,,,,,,,,,,,,240.1,0,0
,,,,,,,,,,,,,241.13,0,0
,,,,,,,,,,,,,242.17,0,0
,,,,,,,,,,,,,243.2,0,0
,,,,,,,,,,,,,244.23,0,0
,,,,,,,,,,,,,245.26,0,0
,,,,,,,,,,,,,246.29,0.01,0.0001558360605
,,,,,,,,,,,,,247.32,0,0
,,,,,,,,,,,,,248.35,0,0
,,,,,,,,,,,,,249.38,0,0
,,,,,,,,,,,,,250.41,0,0
,,,,,,,,,,,,,251.44,0,0
,,,,,,,,,,,,,252.47,0,0
,,,,,,,,,,,,,253.5,0,0
,,,,,,,,,,,,,254.53,0,0
,,,,,,,,,,,,,255.56,0,0
,,,,,,,,,,,,,256.59,0,0
,,,,,,,,,,,,,257.62,0,0
,,,,,,,,,,,,,258.65,0,0
,,,,,,,,,,,,,259.68,0,0
,,,,,,,,,,,,,260.71,0,0
,,,,,,,,,,,,,261.74,0.01,0.0001558360605
,,,,,,,,,,,,,262.77,0,0
,,,,,,,,,,,,,263.81,0,0
,,,,,,,,,,,,,264.84,0,0
,,,,,,,,,,,,,265.87,0,0
,,,,,,,,,,,,,266.9,0,0
,,,,,,,,,,,,,267.93,0,0
,,,,,,,,,,,,,268.96,0,0
,,,,,,,,,,,,,269.99,0,0
,,,,,,,,,,,,,271.02,0,0
,,,,,,,,,,,,,272.05,0,0
,,,,,,,,,,,,,273.08,0,0
,,,,,,,,,,,,,274.11,0,0
,,,,,,,,,,,,,275.14,0,0
,,,,,,,,,,,,,276.17,0,0
,,,,,,,,,,,,,277.2,0,0
,,,,,,,,,,,,,278.23,0,0
,,,,,,,,,,,,,279.26,0,0
,,,,,,,,,,,,,280.29,0,0
,,,,,,,,,,,,,281.32,0,0
,,,,,,,,,,,,,282.35,0,0
,,,,,,,,,,,,,283.38,0,0
,,,,,,,,,,,,,284.42,0,0
,,,,,,,,,,,,,285.45,0,0
,,,,,,,,,,,,,286.48,0,0
,,,,,,,,,,,,,287.51,0,0
,,,,,,,,,,,,,288.54,0,0
,,,,,,,,,,,,,289.57,0,0
,,,,,,,,,,,,,290.6,0,0
,,,,,,,,,,,,,291.63,0,0
,,,,,,,,,,,,,292.66,0,0
,,,,,,,,,,,,,293.69,0,0
,,,,,,,,,,,,,294.72,0,0
,,,,,,,,,,,,,295.75,0,0
,,,,,,,,,,,,,296.78,0,0
,,,,,,,,,,,,,297.81,0,0
,,,,,,,,,,,,,298.84,0,0
,,,,,,,,,,,,,299.87,0,0
,,,,,,,,,,,,,300.9,0,0
,,,,,,,,,,,,,301.93,0,0
,,,,,,,,,,,,,302.96,0,0
,,,,,,,,,,,,,303.99,0,0
,,,,,,,,,,,,,305.03,0,0
,,,,,,,,,,,,,306.06,0,0
,,,,,,,,,,,,,307.09,0,0
,,,,,,,,,,,,,308.12,0,0
,,,,,,,,,,,,,309.15,0,0
,,,,,,,,,,,,,310.18,0,0
,,,,,,,,,,,,,311.21,0,0
,,,,,,,,,,,,,312.24,0,0
,,,,,,,,,,,,,313.27,0,0
,,,,,,,,,,,,,314.3,0,0
,,,,,,,,,,,,,315.33,0,0
,,,,,,,,,,,,,316.36,0,0
,,,,,,,,,,,,,317.39,0,0
,,,,,,,,,,,,,318.42,0,0
,,,,,,,,,,,,,319.45,0,0
,,,,,,,,,,,,,320.48,0,0
,,,,,,,,,,,,,321.51,0,0
,,,,,,,,,,,,,322.54,0,0
,,,,,,,,,,,,,323.57,0,0
,,,,,,,,,,,,,324.6,0,0
,,,,,,,,,,,,,325.63,0,0
,,,,,,,,,,,,,326.67,0,0
,,,,,,,,,,,,,327.7,0,0
,,,,,,,,,,,,,328.73,0,0
,,,,,,,,,,,,,329.76,0,0
,,,,,,,,,,,,,330.79,0,0
,,,,,,,,,,,,,331.82,0,0
,,,,,,,,,,,,,332.85,0,0
,,,,,,,,,,,,,333.88,0,0
,,,,,,,,,,,,,334.91,0,0
,,,,,,,,,,,,,335.94,0,0
,,,,,,,,,,,,,336.97,0,0
,,,,,,,,,,,,,338,0,0
,,,,,,,,,,,,,339.03,0,0
,,,,,,,,,,,,,340.06,0,0
,,,,,,,,,,,,,341.09,0,0
,,,,,,,,,,,,,342.12,0,0
,,,,,,,,,,,,,343.15,0,0
,,,,,,,,,,,,,344.18,0,0
,,,,,,,,,,,,,345.21,0,0
,,,,,,,,,,,,,346.24,0,0
,,,,,,,,,,,,,347.28,0,0
,,,,,,,,,,,,,348.31,0,0
,,,,,,,,,,,,,349.34,0,0
,,,,,,,,,,,,,350.37,0,0
,,,,,,,,,,,,,351.4,0,0
,,,,,,,,,,,,,352.43,0,0
,,,,,,,,,,,,,353.46,0,0
,,,,,,,,,,,,,354.49,0,0
,,,,,,,,,,,,,355.52,0,0
,,,,,,,,,,,,,356.55,0,0
,,,,,,,,,,,,,357.58,0,0
,,,,,,,,,,,,,358.61,0,0
,,,,,,,,,,,,,359.64,0,0
,,,,,,,,,,,,,360.67,0,0
,,,,,,,,,,,,,361.7,0,0
,,,,,,,,,,,,,362.73,0,0
,,,,,,,,,,,,,363.76,0,0
,,,,,,,,,,,,,364.79,0,0
,,,,,,,,,,,,,365.82,0,0
,,,,,,,,,,,,,366.85,-0.01,-0.0001558360605
,,,,,,,,,,,,,367.88,0,0
,,,,,,,,,,,,,368.92,0,0
,,,,,,,,,,,,,369.95,0,0
,,,,,,,,,,,,,370.98,0,0
,,,,,,,,,,,,,372.01,0,0
,,,,,,,,,,,,,373.04,0,0
,,,,,,,,,,,,,374.07,-0.01,-0.0001558360605
,,,,,,,,,,,,,375.1,-0.01,-0.0001558360605
,,,,,,,,,,,,,376.13,0,0
,,,,,,,,,,,,,377.16,0,0
,,,,,,,,,,,,,378.19,0,0
,,,,,,,,,,,,,379.22,0,0
,,,,,,,,,,,,,380.25,0,0
,,,,,,,,,,,,,381.28,0,0
,,,,,,,,,,,,,382.31,0,0
,,,,,,,,,,,,,383.34,0,0
,,,,,,,,,,,,,384.37,0,0
,,,,,,,,,,,,,385.4,-0.01,-0.0001558360605
,,,,,,,,,,,,,386.43,-0.01,-0.0001558360605
,,,,,,,,,,,,,387.46,0,0
,,,,,,,,,,,,,388.49,0,0
,,,,,,,,,,,,,389.53,0,0
,,,,,,,,,,,,,390.56,0,0
,,,,,,,,,,,,,391.59,-0.01,-0.0001558360605
,,,,,,,,,,,,,392.62,0,0
,,,,,,,,,,,,,393.65,0,0
,,,,,,,,,,,,,394.68,0,0
,,,,,,,,,,,,,395.71,0,0
,,,,,,,,,,,,,396.74,0,0
,,,,,,,,,,,,,397.77,0,0
,,,,,,,,,,,,,398.8,0,0
,,,,,,,,,,,,,399.83,0.01,0.0001558360605